<?xml version="1.0" encoding="UTF-8"?>
<project-private xmlns="http://www.netbeans.org/ns/project-private/1">
    <editor-bookmarks xmlns="http://www.netbeans.org/ns/editor-bookmarks/2" lastBookmarkId="0"/>
    <open-files xmlns="http://www.netbeans.org/ns/projectui-open-files/2">
        <group>
            <file>file:/C:/Users/student/Desktop/ToDoList-masterRTL/src/com/mrjaffesclass/apcs/todolist/AboutView.java</file>
            <file>file:/C:/Users/student/Desktop/ToDoList-masterRTL/src/com/mrjaffesclass/apcs/todolist/ToDoItem.java</file>
            <file>file:/C:/Users/student/Desktop/ToDoList-masterRTL/src/com/mrjaffesclass/apcs/todolist/MainView.java</file>
            <file>file:/C:/Users/student/Desktop/ToDoList-masterRTL/src/com/mrjaffesclass/apcs/todolist/AppModel.java</file>
            <file>file:/C:/Users/student/Desktop/ToDoList-masterRTL/src/com/mrjaffesclass/apcs/todolist/AppController.java</file>
        </group>
    </open-files>
</project-private>
